"y","X1","X2","X3","X4"
0.164770777207555,-0.079208,0.040062,-0.05166,-0.11514
0.176382561148283,-0.10201,0.10751,-0.35373,0.18482
0.18883153700478,-0.10206,0.44964,-0.040812,-0.45242
0.195362201449957,-0.26374,-0.11765,-0.033553,0.20495
0.202138939239906,0.1364,0.10995,-0.26011,-0.18511
0.216384145387748,0.056487,0.28263,-0.41291,-0.076073
0.231633244694215,0.33847,0.204,-0.1088,-0.65661
0.197700899300906,0.0464,0.48982,-0.085368,-0.5907
0.234406146348445,0.35197,0.019907,0.51385,-1.1871
0.198156134689312,-0.077208,-0.079522,0.095763,-0.16277
0.183287375488983,0.55984,-0.043463,-0.43424,-0.31086
0.200047588147502,0.35028,0.27321,0.38947,-1.2533
0.237188522610539,-0.054288,0.053501,-0.1087,-0.067543
0.206304922150806,-0.049731,0.47099,0.024141,-0.57388
0.231101100431906,0.10568,0.14537,0.29954,-0.77072
0.169534302161838,-0.13482,0.051561,0.073937,-0.17259
0.212736705993086,0.54854,0.54061,0.00025658,-1.2694
0.218865038869999,0.26772,-0.23768,0.10151,-0.40239
0.225169911398002,-0.20275,0.0053229,-0.23474,0.28212
0.173600256365011,0.24186,-0.001834,-0.067536,-0.36558
0.185834274454435,0.56888,-0.076034,-0.056341,-0.67761
0.198930452552986,-0.3108,0.17987,-0.31206,0.36179
0.205830966088266,-0.071017,-0.077984,-0.29468,0.29712
0.212949549102898,0.22756,0.19264,0.46136,-1.0982
0.227956604336627,0.27474,-0.31534,0.44992,-0.70305
0.244045645369034,0.35656,0.16933,0.56969,-1.3408
0.207774899341981,-0.090945,0.46374,0.11853,-0.58972
0.176082965522765,0.013809,0.22834,-0.00037884,-0.36885
0.24753581509202,0.10896,0.09006,-0.11367,-0.23146
0.209758166488878,0.13096,-0.20397,-0.0592,-0.059249
0.1786011806463,0.84973,-0.16793,-0.073169,-0.86353
0.251075898775473,-0.32078,0.18428,-0.50085,0.60567
0.182884586493261,0.027746,0.085614,-0.19228,-0.012504
0.196321825395682,-0.094069,-0.16181,0.32565,-0.23236
0.210767425973009,-0.18022,0.1243,-0.31655,0.32788
0.20632555367458,-0.037797,-0.088354,0.049314,-0.049368
0.226275951549222,-0.17,-0.01724,0.04609,0.041574
0.242901322101985,0.36026,-0.37259,-0.10948,-0.069064
0.207795677870824,0.11492,-0.28238,-0.14539,0.1686
0.260774299147294,0.32686,0.073878,0.12661,-0.6712
0.244289813077911,0.5513,-0.077403,-0.036977,-0.60807
0.228847370959408,-0.1262,0.092832,0.19515,-0.25382
0.209276277091194,-0.22049,0.011574,-0.51303,0.70121
0.214402540609062,-0.39131,-0.16935,-0.085483,0.57686
0.200849381016773,-0.26489,-0.17218,0.18975,0.13887
0.188152965632889,0.20675,-0.25965,0.14904,-0.26245
0.192665452673561,-0.094955,-0.01878,0.42581,-0.4141
0.206243039956954,0.17315,0.025033,0.078903,-0.3677
0.220777471728447,-0.16112,-0.18818,-0.14165,0.42889
0.236359813867676,-0.16078,0.028904,-0.2596,0.37241
0.253016645481967,-0.19739,0.28881,0.04764,-0.14758
0.270847323169696,0.26329,-0.29516,-0.13843,0.045519
0.19542081890257,-0.4777,0.13957,0.12887,0.21662
0.198215590447636,0.10654,-0.48055,0.32699,-0.10492
0.213824434543805,0.22405,-0.29437,0.0095274,0.031339
0.228916035469858,-0.10643,-0.070753,-0.29721,0.54447
0.245048286524884,0.20777,0.29249,-0.26944,-0.14615
0.262317415228382,0.31193,-0.099374,0.34613,-0.60366
0.280803540020313,0.13211,-0.29391,-0.22492,0.39106
0.30059242547541,-0.19759,0.25327,0.33206,-0.32418
0.216384145387748,0.049147,-0.19585,0.035039,0.12519
0.304190843461353,-0.18183,0.12672,0.21331,-0.090634
0.218952602397085,-0.062376,-0.0076259,-0.23512,0.39718
0.307801556726248,0.12711,0.081016,0.21273,-0.38202
0.225801270640368,0.22823,-0.077018,-0.25927,0.16278
0.299901857354581,0.17233,0.088915,-0.55078,0.40356
0.232840874683405,0.31368,-0.010364,0.016971,-0.29079
0.232840874683405,0.098224,0.45763,-0.39974,0.0063316
0.251151232844651,-0.45536,-0.34833,0.21579,0.63409
0.270901498051638,-0.22384,0.25963,0.27196,-0.20551
0.292204903059406,0.042847,-0.45105,-0.18345,0.60797
0.238425115282607,-0.050331,-0.51718,-0.027471,0.62048
0.257174612171402,-0.19061,0.023317,-0.055083,0.34385
0.277398549507322,-0.24191,0.023263,0.041481,0.29462
0.299212875715277,-0.14794,-0.082009,-0.16039,0.50252
0.299212875715277,0.12517,-0.13271,0.19512,-0.14863
0.232305956063855,0.32966,-0.098465,-0.20005,0.032147
0.308572023299996,-0.07053,0.020808,0.0057464,0.14808
0.226343844518123,0.092425,-0.031803,0.046384,-0.030195
0.318192096989707,0.05005,-0.059257,0.15273,-0.076642
0.228504357227583,0.057191,0.16197,-0.041824,-0.050311
0.321229325906003,-0.099393,0.054687,0.27423,-0.13231
0.230685492610382,-0.28268,-0.14332,0.13827,0.40007
0.324295545986999,-0.11212,0.26275,-0.12925,0.15727
0.237877367668678,0.087821,-0.15277,-0.028992,0.18307
0.315940934185785,-0.42086,0.10676,-0.21203,0.72729
0.24531798794865,0.18914,-0.42201,-0.054537,0.3316
0.24531798794865,0.16011,-0.1359,-0.42836,0.5302
0.264609532995642,-0.23835,-0.048345,-0.28825,0.74365
0.285389604191645,0.20422,0.40722,-0.23919,-0.19204
0.307832338420979,-0.44152,-0.24498,0.021239,0.79715
0.251201468114579,0.056103,0.40107,-0.20149,-0.039724
0.270928589555995,-0.23621,-0.20063,-0.14286,0.73571
0.292234125010785,0.13774,-0.2979,0.097675,0.13895
0.315215105060622,-0.12049,-0.15731,-0.026789,0.44235
0.315215105060622,0.35508,-0.018349,0.27663,-0.53878
0.244729930728505,-0.13112,-0.3672,0.1653,0.42493
0.325074790016166,0.015346,-0.15867,-0.13142,0.41018
0.238448958986301,0.1301,0.24451,0.08061,-0.29346
0.335209355687995,0.02209,0.30359,0.12223,-0.26988
0.240725018260386,-0.15432,-0.085461,-0.088988,0.50126
0.338409018903205,-0.33773,0.42965,-0.14914,0.33008
0.243022803130762,0.0015969,0.1271,0.046934,0.0060979
0.341639223762069,-0.092379,-0.091071,-0.044525,0.39795
0.250599307472911,0.019641,-0.064124,0.15953,0.02831
0.33287108369808,-0.17438,0.048726,-0.33615,0.69262
0.258437860201167,-0.12376,-0.042965,0.096793,0.24091
0.258437860201167,-0.27695,-0.0070302,-0.020563,0.50944
0.278761138015442,-0.014713,-0.19645,-0.11294,0.482
0.300682616731065,-0.075229,-0.0070217,0.21073,0.030852
0.32432797716313,-0.40331,-0.048036,0.58481,0.018768
0.25002359139301,0.1157,0.28432,-0.2638,0.11548
0.351480867578308,0.46618,0.11006,-0.23401,-0.15738
0.265882711938983,0.064416,0.47093,-0.15933,-0.0975
0.282747784375696,0.0058615,-0.0057831,-0.33462,0.57345
0.253599253508974,-0.13675,-0.20609,-0.033051,0.57635
0.300682616731065,-0.2046,0.044558,-0.020582,0.42336
0.356507500527958,-0.15624,0.26034,0.22114,-0.081113
0.319755064407895,0.055841,-0.18901,-0.22373,0.56242
0.340037286910886,0.015602,0.060955,-0.22064,0.39447
0.257226052237672,0.08195,0.21961,-0.062336,0.015522
0.361606020857949,0.12669,-0.36846,0.11515,0.2741
0.370293257291859,-0.092164,-0.27098,-0.060252,0.65076
0.342494390334291,-0.038276,0.48281,0.14374,-0.27185
0.267188734369306,-0.13743,0.12415,-0.30075,0.64175
0.290922025885435,0.15894,-0.064103,-0.10329,0.25646
0.316795127349936,0.007441,0.01862,-0.10927,0.36048
0.347392504986693,0.17066,0.070619,-0.027529,0.05192
0.380971770414786,0.081489,0.3876,-0.41954,0.31811
0.393820522546365,0.51984,0.22419,-0.3145,-0.11082
0.369893556451288,0.03122,0.25865,-0.33423,0.42533
0.347427245974212,0.057711,0.083727,0.16118,0.0017471
0.326312424233955,-0.24148,-0.32196,-0.49438,1.4041
0.281478277877917,0.22871,0.052462,-0.56572,0.64085
0.285503782867535,0.4921,-0.20554,0.59023,-0.70278
0.289586857807287,-0.13348,-0.048199,0.48115,-0.0226
0.306480851583368,0.055248,0.16367,-0.28052,0.42448
0.282126422998201,-0.23787,-0.00083007,0.15021,0.41936
0.290253674125055,0.012843,-0.14821,0.16993,0.24538
0.307217288998576,0.057982,0.0054431,-0.31326,0.59537
0.396630564322401,0.22795,-0.045783,0.37945,-0.31183
0.282804339587904,0.17394,-0.15862,-0.02882,0.29645
0.286848808982414,-0.21602,0.10259,-0.37298,0.88465
0.290951119542682,0.22448,0.014384,0.26401,-0.23007
0.307955495986219,-0.15947,0.1264,-0.35093,0.77718
0.328637486650403,0.20295,-0.076128,0.27048,-0.13456
0.350743532229481,0.35981,0.28683,-0.36923,0.085536
0.37430286867305,-0.092251,0.065118,0.24805,0.099476
0.399460656690854,0.01577,-0.12686,-0.045045,0.46761
0.299362519560978,-0.23371,0.051667,-0.034152,0.63272
0.420832662736259,0.34287,-0.24091,0.11477,0.078932
0.308695476798369,-0.027141,-0.094979,0.1223,0.35908
0.410027929857621,-0.04097,-0.082529,0.13975,0.34458
0.318351232818843,0.15061,0.10947,-0.04166,0.16939
0.318351232818843,-0.35847,-0.029632,-0.0039565,0.8125
0.343386034384132,0.002658,-0.24908,-0.16734,0.77907
0.370374730770217,0.77663,0.11563,-0.044289,-0.52837
0.39949660976782,-0.047718,-0.28249,-0.10998,0.80051
0.253345781012836,-0.24528,0.31934,-0.41828,0.075031
0.273268623148234,0.1485,-0.22273,-0.091461,-0.25781
0.294758176350086,0.33847,0.23593,0.12432,-1.099
0.317937645106439,-0.083152,0.032857,-0.2279,-0.069234
0.317937645106439,0.19038,-0.12638,0.16195,-0.66569
0.24684368424514,0.30294,-0.18949,-0.02368,-0.53001
0.32788248901122,0.42393,0.034589,-0.2429,-0.61506
0.240508463208342,-0.43092,0.075973,0.24452,-0.2349
0.338104587800738,0.12506,-0.0064606,0.054667,-0.57298
0.354516638142465,-0.16695,-0.13678,0.21598,-0.26647
0.327915278899589,0.009483,0.45387,-0.094484,-0.61939
0.255789612131334,-0.079288,-0.097263,0.029407,-0.17797
0.278538218284811,-0.42767,-0.20415,-0.02948,0.36534
0.303279638421932,-0.44414,0.13073,0.20841,-0.16491
0.332604893321469,0.056306,0.066553,-0.15391,-0.25993
0.364729243244151,0.13653,-0.25766,-0.27374,0.067654
0.281196940292277,-0.012489,-0.080102,0.18731,-0.40218
0.303309967902223,-0.20155,0.45729,0.18799,-0.6531
0.327161940429457,-0.45088,-0.00024125,-0.064572,0.29356
0.352889606648444,-0.16238,0.19125,-0.30929,0.078411
0.352889606648444,0.05099,-0.25685,0.1865,-0.32044
0.273980046017382,0.46491,0.24547,0.068256,-1.0778
0.363891329954353,-0.23479,0.33752,0.062082,-0.37266
0.266948372687355,-0.025206,-0.10836,-0.010588,-0.14128
0.37526231157979,-0.090595,-0.013657,-0.12283,-0.026234
0.269469518210567,-0.013189,-0.041183,-0.067383,-0.14005
0.378832925844375,0.25928,0.14841,-0.11348,-0.55433
0.272041677043274,0.085636,-0.085775,-0.060435,-0.20967
0.382441338834869,0.045826,0.39304,-0.040715,-0.59717
0.280550930525619,0.34412,0.031224,0.33261,-1.0271
0.372622289902232,0.1292,0.03266,-0.23685,-0.16294
0.289297415694657,-0.15317,0.21325,0.065258,-0.33398
0.289297415694657,-0.22979,-0.21611,-0.12542,0.32862
0.3120474560546,0.33184,-0.18315,0.011143,-0.47372
0.336586535335394,-0.26397,-0.021469,-0.0074853,0.070143
0.363055341650539,0.45846,-0.17491,0.38215,-1.0297
0.29623565785752,0.050569,0.10147,0.25774,-0.65235
0.318033040708596,0.20979,0.13524,0.031851,-0.60957
0.341400159987519,-0.031251,0.28664,-0.41251,0.017517
0.366520802271054,0.14617,0.20713,-0.33666,-0.19495
0.393470178207656,-0.3498,-0.020151,0.16511,-0.0015535
0.288632796243914,0.0048141,0.01277,0.16307,-0.419
0.281225061392337,0.30218,0.0050205,-0.02374,-0.53469
0.283909430037973,-0.15582,0.38827,-0.20126,-0.14919
0.286590761193253,0.097213,0.20537,0.4136,-0.94061
0.295555098787392,0.01576,-0.42122,-0.27896,0.45092
0.304769355476308,0.096031,-0.5227,-0.067667,0.21855
0.327194658259364,0.1608,-0.09085,0.3625,-0.69655
0.351270042311666,0.025961,0.38228,-0.063562,-0.48309
0.37708675448872,-0.12606,-0.076644,-0.13749,0.16011
0.404817067136176,0.045187,-0.20666,0.022069,-0.094345
0.310646397248953,-0.19693,-0.2859,0.33703,-0.027248
0.332538378994459,-0.29151,-0.45543,0.018815,0.57314
0.355973140147644,0.12456,0.18415,0.070505,-0.49359
0.368321161480027,0.088641,-0.28716,0.18402,-0.175
0.381082268249618,0.10399,-0.10028,0.0073632,-0.15769
0.407946190216524,0.11388,0.19219,-0.026145,-0.38227
0.436703851051835,0.14157,-0.22833,-0.36166,0.31629
0.371829449099948,-0.062765,-0.041643,0.22225,-0.24952
0.442953712877429,-0.38973,-0.22008,0.40589,0.069193
0.375367399738688,-0.095599,0.0019031,0.21656,-0.23448
0.449297512190564,0.030158,0.21456,0.0052346,-0.31412
0.346386526096646,-0.15507,0.12054,-0.39295,0.43433
0.373618520792674,-0.35759,-0.3173,-0.273,0.90222
0.40299545299094,-0.029669,0.22081,0.19358,-0.43624
0.434682238950071,0.24493,-0.071777,0.03037,-0.31112
0.434682238950071,-0.46644,-0.084145,0.30983,0.18214
0.337496546943639,0.018551,0.022094,-0.071951,-0.025047
0.448256350177213,-0.032315,0.0037487,-0.56142,0.58577
0.328834728308974,0.33774,-0.10291,0.15909,-0.52439
0.462254349198924,-0.11073,0.20978,-0.0050336,-0.11339
0.331940348301361,0.16471,0.055294,0.27678,-0.58757
0.466657357714733,0.018508,0.14419,-0.34453,0.1824
0.335108807964201,0.45205,0.10106,-0.31609,-0.28392
0.471097594228533,0.56037,-0.33015,-0.097805,-0.27518
0.345590752576975,-0.3027,0.0024485,0.30842,-0.045922
0.459002326640907,0.32588,-0.18392,-0.084668,-0.15199
0.356364926044544,0.24528,-0.31775,0.026048,-0.067289
0.356364926044544,-0.51811,0.37236,-0.18217,0.41884
0.384392927830036,-0.046674,0.082444,0.18664,-0.2624
0.414617031695118,0.11313,0.1353,-0.00085923,-0.27885
0.447217600859923,0.10432,-0.20965,0.38625,-0.39965
0.364911653464528,0.16355,-0.31314,-0.1271,0.2121
0.391750547567381,-0.029841,0.15924,0.11878,-0.24816
0.420559210387122,0.17579,0.23579,0.045388,-0.46136
0.451486412819928,0.11834,-0.19955,-0.022347,0.04978
0.484687948632424,-0.59762,-0.046106,0.51985,0.11702
0.355546228577638,0.2334,0.044524,0.34773,-0.69186
0.346421166481246,0.0068882,0.0011344,0.012309,-0.031604
0.349727849437888,0.37639,-0.16424,-0.049829,-0.22244
0.353030790726036,-0.12974,0.11034,0.10245,-0.053325
0.364073321113328,0.23295,-0.21645,0.12076,-0.1941
0.375438726320449,-0.13254,0.18925,-0.14645,0.1609
0.403047845805288,-0.21592,0.14489,-0.29587,0.45593
0.432687292545385,-0.14163,0.11552,0.037174,0.032082
0.464506373321992,-0.10283,-0.13392,0.30932,-0.096888
0.498665374680765,-0.14405,0.20674,-0.37379,0.40889
0.363236914710846,-0.24642,-0.00093631,0.27672,0.0086302
0.388831185497329,-0.085915,-0.021895,0.1295,0.010292
0.416241357777132,-0.017701,0.18956,-0.084775,-0.010761
0.445583776163808,0.048582,0.011031,-0.13739,0.12638
0.476994651950722,-0.36023,-0.25314,0.050664,0.59978
0.510619798477462,0.10045,-0.28352,0.10787,0.051121
0.484731572510846,0.58886,0.0090641,-0.30452,-0.28335
0.460155869571534,0.062493,-0.00036465,-0.1166,0.10743
0.436826145250518,-0.046152,0.073654,0.10068,-0.069567
0.41468337572757,0.092845,-0.20387,0.24862,-0.14429
0.393659089228213,-0.023837,-0.025506,-0.10507,0.22658
0.373700725909479,-0.083723,-0.090731,-0.64654,0.9496
0.400044295202062,-0.1405,0.089541,-0.14338,0.30461
0.428244921746499,-0.048489,-0.031972,-0.0024618,0.15139
0.458433516491049,-0.0096417,0.067386,0.099479,-0.089015
0.490750218788946,0.03174,0.40817,0.20935,-0.54771
0.525345046943356,-0.49714,-0.039256,0.48594,0.11855
0.382659392537406,0.11186,0.13698,0.14658,-0.31138
0.409634491925382,-0.35843,-0.21486,-0.032464,0.70932
0.438511167496203,-0.14277,-0.025276,0.0040098,0.2673
0.469423468504967,-0.12197,-0.11964,0.19213,0.11798
0.502514893842794,0.19727,0.49908,-0.057865,-0.49135
0.537939058177196,0.021236,0.1584,0.0074833,-0.075995
0.387220879773017,-0.61015,-0.045325,0.007233,0.81209
0.544351555022342,0.062158,0.14493,-0.10236,0.022972
0.391836742168904,-0.077357,0.40116,-0.2564,0.14004
0.55084049196821,-0.002091,0.14528,-0.092133,0.0948
0.404072888586869,-0.28492,-0.32056,-0.35968,1.1047
0.536692486144911,0.29136,0.2922,0.1393,-0.60924
0.416691141282905,-0.30741,0.035783,-0.14474,0.5904
0.416691141282905,-0.058241,0.067518,-0.043821,0.1754
0.449454793842514,0.11524,-0.27932,-0.30545,0.5676
0.484794591711432,0.01065,-0.02133,-0.42219,0.59132
0.522913092423274,-0.23919,-0.34105,0.025788,0.64966
0.424705199066061,-0.072426,-0.28341,-0.11896,0.65123
0.455937290389636,-0.2166,-0.0057553,0.075333,0.3627
0.489471030784415,0.2031,0.32624,-0.061389,-0.23446
0.479160339302423,-0.1215,-0.17396,-0.074128,0.56989
0.525465890200595,0.10067,0.07,-0.33373,0.40131
0.564107749792278,-0.15362,0.035899,-0.29081,0.66863
0.482579309350387,0.25783,0.08553,0.14569,-0.30835
0.605597321351673,-0.19777,0.030373,-0.28106,0.71454
0.56732667203771,-0.078083,-0.40778,0.032497,0.61465
0.53147453176808,0.040945,-0.18795,0.69807,-0.43532
0.486022674898624,-0.037397,-0.13633,0.22396,0.13064
0.49788806315689,0.016865,-0.01994,-0.28589,0.53319
0.466428751622519,0.17709,-0.21961,0.059761,0.14872
0.436952843202956,-0.15018,0.075718,-0.52111,0.90142
0.558494783898462,0.19395,0.014392,0.47911,-0.87492
0.602408194199594,-0.035011,-0.27333,0.197,-0.063793
0.649774434607419,-0.12226,0.17009,0.0042173,-0.13444
0.700857986142292,-0.12074,-0.14231,-0.24316,0.4036
0.700857986142292,0.27945,0.42424,-0.33849,-0.42117
0.544150182203253,0.061266,-0.058943,0.2908,-0.45513
0.722751371842728,0.086758,0.80016,0.011283,-0.91154
0.530179314717967,-0.21306,0.26618,0.24512,-0.37616
0.7453212093743,-0.20877,0.020306,0.013269,0.084757
0.53522931379673,-0.12436,-0.031618,0.3061,-0.27715
0.616837290840155,-0.11,-0.14408,0.063396,0.070262
0.752420451680132,-0.040925,-0.39667,-0.11425,0.40531
0.621238632205176,0.1219,0.10858,0.066896,-0.40033
0.540322011261129,-0.062817,-0.093519,0.21087,-0.17811
0.759579718984179,-0.086944,-0.010691,0.35155,-0.37704
0.557200577859318,0.055714,0.17893,0.088246,-0.40574
0.740077772746708,-0.32876,-0.067457,0.21937,0.08802
0.574600650698639,0.045398,0.11078,0.10197,-0.34862
0.599589514738795,-0.23178,-0.019711,-0.1596,0.35883
0.625671378619955,0.21164,-0.30414,-0.17096,0.12236
0.681281292578116,0.072617,0.27508,0.074685,-0.48953
0.700893029917686,0.19621,-0.38971,0.11306,-0.099775
0.721076532225231,-0.074929,0.035225,0.25909,-0.32315
0.563329817993964,0.031241,0.2835,-0.051216,-0.27476
0.563865235604155,0.058226,-0.066464,-0.25019,0.21486
0.564401162102759,0.33465,0.17991,-0.26595,-0.28485
0.585651720329638,-0.060606,0.2507,0.20361,-0.38566
0.626936512159455,0.28967,-0.23433,0.068222,-0.21041
0.671131624197111,-0.25978,0.086489,0.34333,-0.17754
0.694384109279461,0.077224,-0.37121,-0.29207,0.53924
0.718442215856927,-0.052873,0.095481,0.32898,-0.39928
0.769087909011744,-0.12542,0.14125,0.18903,-0.20388
0.823303807506001,-0.025668,0.024816,-0.15642,0.16515
0.700998171757614,0.041406,-0.11088,0.055025,-0.016222
0.594033240944045,-0.075055,0.19319,0.21955,-0.32348
0.835086472176818,-0.36605,-0.42393,0.12677,0.6303
0.707668156976723,-0.1826,0.44631,-0.047779,-0.1218
0.602540738581665,0.28316,-0.32299,0.088868,-0.12115
0.8470462341894,-0.030964,-0.21076,0.25143,-0.047203
0.62522730960429,0.11265,-0.097482,0.072086,-0.068906
0.625821557771601,0.056291,0.096351,-0.065954,-0.019428
0.626410106610524,0.09765,0.19297,0.316,-0.56745
0.650001895462859,0.15524,0.23798,0.29395,-0.60822
0.695822973095938,0.040089,-0.20101,-0.32204,0.57345
0.744874150779665,-0.37266,-0.051193,0.3504,0.16368
0.770681569853313,-0.47649,-0.052286,0.034195,0.62789
0.797383130411862,0.25196,0.25512,-0.17362,-0.21581
0.853593665453289,0.26031,-0.24542,-0.077604,0.097877
0.913762123640636,-0.57918,0.39428,0.28711,0.081257
0.779860672697964,0.044914,-0.12049,0.14071,0.0019274
0.924650916745854,-0.15081,0.039909,-0.26036,0.52332
0.789156993586569,0.23616,0.48904,0.0855,-0.65968
0.935670401189599,-0.048927,-0.0032516,-0.1534,0.34143
0.813800523610927,0.034242,-0.11246,0.14685,0.014577
0.91164282944232,-0.27589,-0.096941,0.27778,0.2017
0.83921361352894,-0.21786,0.18063,0.33487,-0.16087
0.863380311130675,0.18543,0.019277,0.068179,-0.1772
0.88823405079814,0.27618,0.27164,-0.014419,-0.40322
0.693925966970929,0.42802,-0.18761,-0.061615,-0.089201
0.694578564052457,0.18303,0.12225,-0.1578,0.024391
0.69523872721616,-0.15839,0.19992,0.098476,0.056087
0.760020403007203,0.020016,0.15935,0.020729,0.06854
0.813597098909172,0.15505,-0.014378,0.10802,-0.02874
0.870950617554864,-0.22414,-0.39732,0.23911,0.57614
0.901126168090702,-0.043485,0.11673,0.0040357,0.19395
0.932342539656073,0.028039,0.26055,0.043568,-0.052161
0.998067369939132,0.10567,-0.40537,-0.13338,0.62655
1.06842542581472,0.11745,0.31388,0.051207,-0.20555
0.76907252740738,-0.4733,0.16186,0.16784,0.4645
0.911860738117606,-0.28009,-0.071498,-0.075309,0.71727
1.0811572551487,-0.28197,0.10255,-0.02126,0.51084
0.778240248324317,-0.060742,0.050017,-0.017435,0.31789
0.922726873473025,-0.0096655,0.077288,-0.12957,0.3612
1.09404080258511,0.14091,-0.012026,-0.087927,0.2246
0.802542873887554,-0.033181,0.18124,0.02825,0.12705
0.899028988282309,0.24848,0.20899,-0.45757,0.325
0.951544333554797,-0.1794,0.36673,-0.50744,0.72009
1.06594742005405,-0.062367,0.40154,0.034825,-0.036419
0.827604413694225,0.083768,-0.20352,-0.32361,0.7162
0.851436803061107,0.13788,-0.089776,-0.41465,0.65887
0.875946730347805,0.13189,-0.56863,0.36608,0.21647
0.981260803509638,-0.19392,0.054808,0.10269,0.33434
1.00951144903585,-0.083375,-0.13896,0.23958,0.22684
1.03857543487871,0.24693,0.21709,-0.22298,0.06406
0.847452913977151,-0.035514,0.3715,-0.080357,0.11265
0.914081996358371,0.37256,0.2172,-0.20186,-0.074799
0.985952598577624,-0.072579,0.11905,-0.017662,0.30101
1.06347516154761,-0.24331,-0.016221,-0.33699,0.95788
1.06347516154761,-0.37594,0.019319,0.27534,0.40096
0.825686596982045,-0.12339,0.099054,-0.043971,0.40593
1.0966882974136,-0.048297,0.0079362,-0.22054,0.59483
0.804487379545225,-0.017425,-0.57297,-0.37828,1.234
1.13094096658217,0.36005,0.29928,0.62825,-1.0398
0.812142062747995,0.17914,0.1945,0.27814,-0.35429
1.14170184989784,0.42115,-0.061509,-0.43062,0.37603
0.819877778862993,0.15557,-0.20478,-0.55829,0.94382
1.15257664853701,-0.23394,-0.045199,0.097493,0.5182
0.845480647270568,0.32764,-0.57813,-0.2527,0.73853
1.12298464223068,-0.015676,-0.0083088,-0.22962,0.60653
0.871891752343131,-0.44462,-0.20051,0.012134,0.98396
0.871891752343131,0.060506,-0.098649,-0.14537,0.50896
0.940443223955505,-0.151,0.44168,0.2192,-0.11997
1.01438650380127,-0.30057,0.25301,-0.092554,0.55078
1.09414474139837,-0.28911,0.068947,-0.028119,0.62477
0.843521405767828,-0.14465,0.20188,-0.0075228,0.35184
1.18581464200358,0.34078,-0.11238,-0.050029,0.1285
0.897035357677078,-0.13145,0.33491,-0.026412,0.24884
1.12569429904342,-0.034712,-0.49336,-0.1842,1.0243
0.953937617626984,-0.10016,0.091085,-0.069228,0.4748
1.06862844593192,0.061519,-0.5943,0.22912,0.55382
1.01445142661502,0.01214,0.10783,0.38987,-0.16467
0.963021058328445,0.088542,-0.16112,-0.41605,0.87241
1.07880397831596,-0.1266,-0.30147,-0.12061,0.90648
0.914198092143834,0.095287,-0.3602,0.015675,0.56514
1.14724108097725,-0.056607,-0.35625,0.028671,0.71618
0.867846867340741,-0.2577,0.33473,0.26514,0.092433
1.22001115238187,-0.056361,-0.1641,0.45444,0.087655
0.731023260228914,-0.42463,-0.1394,-0.25294,0.48514
0.784781455968768,0.34823,-0.015704,-0.076495,-0.67342
0.842492937146215,0.18859,-0.037939,-0.11495,-0.43474
0.904448421586435,0.23326,-0.075721,-0.065652,-0.50626
0.97095612217219,-0.2415,0.26524,0.030318,-0.37647
0.712254491180694,0.36411,-0.0043775,0.32339,-1.1384
0.6939606641367,0.19271,0.22896,0.12962,-0.93219
0.700570693267037,0.19943,0.43324,0.32668,-1.3218
0.707243683437333,0.1972,0.077924,-0.064055,-0.57551
0.729329252074461,-0.41994,0.28805,-0.31686,0.21067
0.75210450144462,-0.10098,-0.35764,0.21898,-0.17795
0.807412975477067,-0.18552,-0.040121,-0.21909,0.12611
0.866788739751657,0.4473,0.41775,0.083946,-1.3024
0.930529965280775,0.20747,0.28132,0.0016546,-0.82859
0.998957643631204,-0.14153,0.0052713,0.13076,-0.34661
0.770142281527351,-0.11048,-0.13517,0.36393,-0.49338
0.913123627096751,-0.11185,0.22142,-0.33661,-0.026335
0.939413062813476,-0.14528,0.39339,-0.03751,-0.4656
0.966458422386905,0.12534,-0.0039904,-0.02521,-0.43945
0.750361641500535,0.18633,0.081063,0.034593,-0.64343
0.889674156130802,-0.21999,0.14748,0.20893,-0.44081
0.996641153587849,0.11337,-0.26881,-0.069525,-0.14822
0.731096366210174,-0.082512,0.25335,0.11442,-0.57777
0.866832080272149,-0.40365,-0.18226,0.5264,-0.30138
1.02776649881299,-0.44265,-0.39364,-0.229,0.75419
0.738052735217727,0.37623,0.074921,0.20932,-1.0294
0.875088723044312,0.27312,-0.33096,-0.20695,-0.10921
1.0375529417359,0.22988,-0.37151,0.074365,-0.33602
0.745082744743676,0.1747,-0.087734,-0.3402,-0.051926
0.883415176783099,-0.062297,0.11661,0.1723,-0.52761
1.04743257164747,-0.3391,-0.2375,-0.036042,0.31235
0.768349938901422,0.060092,0.1117,0.27165,-0.76627
0.860733798051673,-0.28229,0.37579,0.18451,-0.51622
1.02053602095096,0.30068,0.053253,-0.45012,-0.18923
0.792351636674557,-0.16383,0.28018,-0.19069,-0.15065
0.815160705921469,-0.19553,-0.45104,0.12054,0.16824
0.838626369558838,-0.031703,-0.20699,0.26845,-0.38549
0.994330035269867,-0.023583,0.35242,0.22461,-0.8253
0.766569433228367,0.052215,0.22264,0.15101,-0.69335
0.820607794895128,-0.15213,0.3779,0.11408,-0.55868
0.878455523861247,-0.25102,-0.19726,0.20248,-0.053582
0.908893821189204,0.097316,-0.057823,0.27979,-0.64498
0.940383977898666,0.078307,-0.21952,0.10101,-0.28867
1.00667518036587,0.17471,0.028007,-0.015559,-0.47945
1.07763949895143,0.11787,0.24817,-0.10437,-0.50712
0.917548352655564,0.1411,0.37097,0.29229,-1.065
0.77754792263394,-0.19992,0.093568,0.28407,-0.43476
1.09306863250524,-0.21147,0.065112,0.3799,-0.50301
0.926285292994286,-0.24095,0.42463,-0.1175,-0.22599
0.788675754613291,0.41324,-0.19667,-0.31142,-0.19763
1.10871312952913,-0.24017,0.15606,-0.084858,-0.023176
0.807590625872499,0.047357,-0.009351,-0.39742,0.16706
0.864520725649361,-0.21678,-0.149,-0.13579,0.29214
0.925460340369199,0.27587,0.13832,-0.05659,-0.58827
0.95752447202815,0.20518,-0.09021,-0.29869,-0.047648
0.990700014863623,-0.48755,-0.24632,0.077991,0.44101
1.06053871423516,-0.38393,-0.37599,0.24816,0.24969
1.1353034817566,0.063306,-0.07138,0.074483,-0.31683
0.966642066932838,0.060927,0.13552,0.35541,-0.79088
1.1515513116624,0.26828,-0.12781,-0.0075273,-0.39152
0.975846480022621,0.29191,0.21887,-0.26048,-0.43149
1.16804335181826,-0.13736,0.27623,0.12905,-0.42281
0.900495600497444,0.0026005,-0.40528,-0.0094734,0.18177
0.966711667667253,0.13349,0.086836,0.070278,-0.47278
1.03779990872394,-0.066084,-0.22435,-0.25981,0.3786
1.11411459025652,0.45533,0.016742,0.26061,-0.9797
1.19604466482197,-0.31586,-0.18037,-0.27302,0.63292
0.877366914089205,-0.046164,0.10033,-0.26067,0.081795
0.854840822407891,-0.16467,-0.23288,-0.12371,0.35046
0.862983247519187,-0.27252,-0.0080104,0.0058293,0.14477
0.871194517872231,-0.12315,0.019538,0.16931,-0.21503
0.89840887224503,0.2336,0.35329,-0.25395,-0.42894
0.926462230382231,0.014959,0.096788,-0.57171,0.38563
0.994590583869484,0.28921,-0.26026,0.17978,-0.44019
1.0677290394837,-0.044996,0.10273,0.16198,-0.36021
1.1462434152843,0.32487,-0.029806,-0.25246,-0.20151
1.23053618849247,0.1946,-0.11441,0.27101,-0.56039
0.896318016365719,-0.379,0.28205,0.016477,0.041381
0.959505722028302,0.17437,0.23092,0.10027,-0.62172
1.0271448881374,-0.14387,0.11888,0.29855,-0.39047
1.09955219339033,-0.36197,-0.054941,-0.058343,0.39337
1.17706023065767,-0.010619,-0.077425,-0.16144,0.13579
1.26003563208995,-0.25494,0.22702,-0.038983,0.011722
0.909153801997548,-0.12059,-0.0066281,-0.21631,0.27211
0.922169714720329,-0.1546,0.091731,-0.2925,0.32391
0.956891757487332,0.026776,0.080163,-0.27535,0.15096
0.95779836319172,-0.069808,0.2508,0.1239,-0.32625
0.95870678656467,-0.31948,0.12458,-0.25813,0.48051
1.17321752994322,-0.007196,-0.55417,0.56217,-0.52032
1.17321752994322,-0.30278,0.035527,-0.27593,0.22529
1.2559220449535,0.0026079,-0.23866,-0.25682,0.099835
1.34445671219771,0.19202,0.38329,0.18899,-1.1337
1.43923252102832,-0.22641,-0.11049,0.02852,-0.069519
1.5406894329826,-0.53624,0.44132,0.46313,-0.67614
1.64929842414083,0.17637,0.28364,-0.015102,-0.80643
1.25949393324175,-0.056475,0.050144,-0.034971,-0.32308
1.35211495514353,0.023789,-0.5566,-0.26606,0.36451
1.45156168355421,-0.045883,-0.056458,-0.48011,0.25204
1.55830703812548,-0.3655,0.03376,0.0090783,-0.0056187
1.67290226284119,0.011238,0.3536,0.289,-1.0031
1.56719907903802,-0.19344,-0.043625,0.12621,-0.2536
1.46816012320981,-0.4204,0.062316,0.47526,-0.47342
1.37537992218994,0.28327,0.078028,0.19029,-0.95204
1.28847583942092,-0.20523,-0.37431,0.6035,-0.47388
1.20705076493424,-0.083357,0.2479,-0.016412,-0.45704
1.20705076493424,-0.33827,-0.049006,-0.18664,0.26768
1.29214031189277,0.10468,-0.026952,0.21962,-0.69027
1.38322814095504,-0.16656,0.48953,-0.26504,-0.29795
1.48073709358021,-0.45156,0.26151,0.58398,-0.72037
1.58511981891181,8.5137e-05,-0.11507,0.010327,-0.26833
1.69686087503345,-0.10397,0.17257,0.020242,-0.40996
1.23598719629844,-0.095328,0.42285,-0.23742,-0.32633
1.32311658110547,-0.066858,0.28086,0.4396,-0.98135
1.41638804385601,0.26453,-0.076789,0.1511,-0.72572
1.46546119236095,-0.34626,0.097562,0.52071,-0.60329
1.51623456271866,0.2004,-0.018888,-0.38184,-0.11764
1.62311963812112,-0.30622,-0.22118,0.070638,0.12044
1.73753944437901,0.22006,0.098008,0.080787,-0.74864
1.48293020698231,0.16872,-0.38503,-0.018867,-0.15631
1.7582517649217,-0.15352,-0.12952,-0.28996,0.28115
1.48644891960029,-0.092037,-0.021376,0.28404,-0.50898
1.37485737710936,-0.090574,0.098716,0.0030001,-0.29698
1.50059245480785,-0.50705,-0.05333,-0.1213,0.43502
1.77919319444113,0.10159,0.10311,0.4955,-1.0537
1.54746792750255,-0.16184,-0.14072,0.27382,-0.30599
1.73351302532015,0.1624,-0.40571,0.29057,-0.45766
1.27163058227843,0.19968,0.4477,-0.15223,-0.74021
1.59579173714127,-0.31952,-0.012026,-0.53039,0.64631
1.64172907424184,0.0059723,-0.28857,-0.020945,-0.03903
1.689005678722,-0.22452,-0.008969,-0.30017,0.28483
1.37817477925212,-0.070504,0.20482,-0.11261,-0.25169
1.48653810921113,-0.085676,0.10045,-0.30836,0.069944
1.60342184707236,-0.003996,0.34016,0.14989,-0.73031
1.72949593672597,0.023561,0.35567,0.16323,-0.78889
1.72949593672597,0.2738,-0.51999,-0.26551,0.15478
1.34279061906581,-0.074835,-0.43362,-0.25525,0.4592
1.78350405601033,0.27002,-0.19634,0.11519,-0.53468
1.30830185185457,-0.23689,-0.23009,-0.23353,0.44343
1.83919872273704,-0.021646,0.12051,-0.16444,-0.17192
1.32076352842927,0.043746,0.31826,-0.3966,-0.14882
1.8567172331686,0.026886,-0.025089,0.12952,-0.41501
1.33334390343952,-0.12933,0.011138,-0.20508,0.10529
1.87440260877028,0.019152,-0.40236,-0.22558,0.317
1.37498111984164,-0.15809,-0.055142,-0.21913,0.21185
1.82625970821964,-0.080725,0.34369,-0.60719,0.21141
1.41791856927834,-0.19962,-0.088445,-0.19628,0.26376
1.41791856927834,0.25262,0.44716,0.037668,-0.95466
1.52940687982563,-0.62508,0.034894,-0.07686,0.49933
1.64966130971009,-0.30486,0.13579,0.33997,-0.40144
1.77937112265684,0.055267,-0.094515,-0.10031,-0.11977
1.37179486113285,0.24311,0.081051,0.042643,-0.61204
1.46849783887396,0.10588,-0.086059,-0.2007,-0.048738
1.57201777312144,-0.079964,-0.018762,0.24033,-0.38524
1.68283521677133,0.27067,-0.1694,-0.33179,-0.016159
1.80146459870021,-0.10563,-0.14651,0.39498,-0.41752
1.92845661181043,0.28463,0.16455,-0.41822,-0.22253
1.8306846086836,-0.12322,0.25294,0.27318,-0.6012
1.73786960823802,-0.015558,-0.15337,0.070079,-0.14456
1.64976029235813,-0.15667,-0.41535,0.22585,0.069914
1.56613374591859,0.17167,0.2371,0.024736,-0.62738
1.48673137172711,-0.13125,0.18275,-0.28955,0.10627
1.41135466714635,0.061154,0.13897,0.14744,-0.54602
1.51084636435912,0.15278,-0.5049,0.4448,-0.42365
1.61735160539947,-0.082502,0.082537,0.1407,-0.3307
1.73136480134287,0.037133,0.33458,-0.27169,-0.22562
1.85341521616054,0.41715,-0.1645,-0.14214,-0.36292
1.98406942363104,-0.015168,0.31263,-0.15086,-0.2817
1.52960571564406,-0.21989,-0.090688,-0.17854,0.34555
1.6498757796206,0.19012,-0.077299,0.39843,-0.75623
1.77960245593912,0.67029,-0.16382,-0.19595,-0.56145
1.91952930051062,0.28615,0.12177,-0.18024,-0.39661
1.91952930051062,0.13517,-0.39614,0.041946,-0.029892
1.49031871534573,-0.30427,0.08375,-0.3379,0.46768
1.97947171796901,-0.095583,0.015213,0.35274,-0.46542
1.45205529843639,-0.053395,0.015277,0.038404,-0.16404
2.04128599714359,-0.056267,-0.27155,0.080674,0.038251
1.46588623773533,0.51549,0.13543,-0.23845,-0.58458
1.68939419470573,-0.17077,-0.30205,-0.28475,0.60328
2.06072940453219,0.24568,0.02904,0.12977,-0.59896
1.70144859002424,-0.058149,0.22333,0.26658,-0.57118
1.47983411938825,-0.10779,-0.17362,0.20394,-0.1048
2.08033720840755,-0.01727,0.31167,0.23264,-0.65249
1.5260611436771,-0.18478,-0.23239,0.26482,-0.033543
2.02692527101613,0.048849,-0.25186,-0.15734,0.18816
1.57371646944732,0.068986,-0.49505,0.31471,-0.143
1.64215597929639,0.17145,0.01285,-0.21349,-0.11051
1.71358899750436,0.057637,0.11927,-0.16143,-0.1325
1.86589344991683,0.053426,-0.12653,0.18399,-0.29744
1.91960608321829,0.34702,0.0016115,0.18173,-0.7308
1.97488466662033,-0.18495,-0.33612,0.088509,0.25188
1.4975493419292,-0.025514,0.22866,0.22919,-0.52761
1.54431431071325,0.2637,0.050579,-0.24642,-0.17061
1.59253964026414,0.14637,0.066813,0.24417,-0.59162
1.78850486523288,-0.16683,-0.26388,-0.32279,0.75224
2.12055956582472,-0.12396,-0.031993,-0.44,0.63502
2.18160315776086,0.018679,0.009091,-0.12788,0.09794
2.24442642820198,-0.2009,-0.018945,0.49331,-0.3177
1.74258562218901,0.17978,0.032974,-0.21709,-0.00089358
2.06611493333588,-0.07675,-0.32858,-0.062913,0.42401
2.31451462423948,-0.12215,0.050305,0.015504,0.063711
1.69782836143965,-0.28778,0.20183,-0.14843,0.30073
2.01304801735083,0.25599,0.2959,0.20629,-0.77417
2.38679151096519,0.040652,0.421,0.066041,-0.48777
1.71400030821907,-0.15411,-0.30187,-0.25025,0.70523
2.03222245579254,0.0071404,0.014912,-0.042694,0.026454
2.40952588516081,0.19853,0.4573,0.21626,-0.84992
1.73032629404541,0.28031,-0.19178,-0.054517,-0.077362
2.05157953224704,-0.16743,0.065959,-0.20295,0.36261
2.43247680603329,0.51884,0.25589,0.24424,-1.0544
1.78436034344976,-0.087593,-0.37827,-0.077614,0.51881
1.99888594927263,0.0064074,-0.17684,0.017298,0.13747
2.37000010630152,-0.13663,0.20774,-0.14369,0.14418
1.84008175003355,0.25634,0.032941,-0.022757,-0.27331
1.89305135357049,-0.11577,-0.057489,0.29488,-0.13208
1.9475652447524,0.14221,-0.24282,0.11029,-0.056814
2.30915117431883,-0.11774,0.027865,0.2576,-0.16195
1.88419373008541,0.10553,0.20724,-0.29515,0.068712
2.03234439279796,0.042693,0.16048,-0.032976,-0.10995
2.19214386768503,0.15889,0.11888,-0.25116,0.03671
2.36450807926961,0.26357,0.18393,0.046293,-0.4626
2.36450807926961,-0.11894,0.65832,0.060181,-0.45923
1.83581770857413,0.011342,0.14992,-0.4486,0.39368
2.43834614484829,0.044737,0.16567,-0.050895,-0.094535
1.78866583791441,-0.26902,0.11458,-0.13795,0.39593
2.51449000078404,0.21019,-0.30782,-0.5058,0.63013
1.8057030187001,0.16946,-0.29061,0.014695,0.097478
2.53844071299595,0.13968,-0.16934,-0.27619,0.34681
1.82290247995371,0.23098,0.14908,-0.088189,-0.22454
2.56261955759864,-0.14197,0.33202,-0.034163,-0.026382
1.87982746745467,0.096649,-0.15869,-0.033044,0.12994
2.49680021978225,0.1761,-0.16548,-0.59633,0.66734
1.93853008938075,-0.024128,0.29649,0.26842,-0.45502
1.93853008938075,0.26797,-0.18277,-0.16482,0.10766
2.09095311937192,0.12252,0.18332,-0.052685,-0.16766
2.25536088986258,0.20251,0.32742,0.1325,-0.58368
2.43269573879766,0.21919,-0.01284,-0.12038,-0.032566
1.87547132281184,-0.050551,0.050747,-0.29615,0.43005
2.00768034817165,0.037485,-0.11661,0.093021,0.047335
2.14920928483802,-0.14096,-0.35988,0.11376,0.43104
2.30071512840201,-0.105,0.27995,-0.074953,0.050857
2.46290118854425,-0.033296,-0.30405,-0.22098,0.63199
2.63652035388918,0.17124,-0.30883,0.19726,-0.05135
2.46990576971697,-0.11172,-0.17575,0.10156,0.2572
2.31384351231438,-0.088509,0.2474,0.05747,-0.079543
2.16762045203147,-0.014639,-0.073536,0.0085885,0.1699
2.03063794031839,0.067865,0.31914,-0.13314,-0.099153
1.9023310450437,0.11179,0.22426,-0.041121,-0.16507
2.04222520470346,-0.20993,-0.115,-0.067256,0.51444
2.19240694073322,0.012652,-0.25625,0.17571,0.12369
2.35363278384038,-0.27944,-0.17064,-0.29572,0.89646
2.52674016597728,0.15952,-0.098967,0.14046,-0.12958
2.71255230057861,0.18009,-0.042315,-0.029333,-0.011229
1.92955614541647,0.046343,-0.10183,0.33867,-0.21665
2.06557781328184,-0.067214,0.16281,0.44865,-0.43815
2.21118815995961,-0.15721,-0.18142,-0.41473,0.90665
2.3670631274729,0.0011935,-0.10372,-0.62314,0.8935
2.53392630753963,-0.020593,-0.35815,0.27111,0.15154
2.71255230057861,0.0028495,-0.08658,-0.18871,0.39894
1.97581308057383,0.073129,-0.10298,-0.17382,0.34255
2.11509557372557,-0.20417,0.035982,0.15332,0.1716
2.26419661352492,-0.27754,0.15213,-0.27161,0.62123
2.34264351735318,0.076145,-0.10612,0.01885,0.12988
2.42380834624303,-0.39125,-0.16098,-0.20681,0.94435
2.59467171014417,0.11247,0.064525,0.22715,-0.28581
2.77763542716986,-0.033797,0.18247,-0.11039,0.14709
2.36495737848675,-0.1881,0.089873,0.20608,0.059143
2.00410985583282,0.18655,0.041971,0.041972,-0.1306
2.81735922168683,0.49529,-0.029501,-0.2615,-0.078402
2.38748378087766,0.083881,0.092767,-0.076045,0.074617
2.03279155775071,-0.050499,-0.19628,-0.18099,0.5965
2.85765111806316,0.19117,-0.41431,-0.14029,0.46997
2.19291125232319,0.11077,-0.34725,-0.05271,0.48237
2.35417418163902,-0.30788,-0.13038,-0.27682,1.0112
2.52732138305286,-0.018908,-0.37344,0.058064,0.5327
2.47408343960452,0.55202,-0.18617,0.58585,-0.84117
2.71317625936026,-0.27177,0.13302,0.021117,0.42343
2.91275683880158,0.44174,-0.16134,-0.08884,0.006818
2.49173685638873,-0.37431,0.13783,0.20434,0.33735
3.12676836518616,0.31029,-0.31149,0.0050617,0.18096
2.92940696054955,0.1942,-0.35146,0.1686,0.16706
2.74422855765234,0.14554,-0.38969,0.035321,0.40339
2.50951623623432,-0.066601,0.046266,0.41592,-0.15165
2.57078165865428,-0.096096,-0.0060629,0.36451,-0.016064
2.40834550669342,0.05834,-0.23673,0.0091212,0.40386
2.25615040433101,-0.46913,0.012294,0.46897,0.27339
2.31023673045647,0.39185,-0.2619,0.018955,0.071046
2.47309400412897,0.16056,-0.069339,0.13874,0.031262
2.64743169936969,-0.11901,0.20894,-0.24421,0.5249
2.73929338923264,0.099825,-0.18045,-0.012463,0.36026
2.83403077381219,0.30717,-0.12486,0.31286,-0.27565
3.03375158343991,0.16579,0.04569,0.089381,-0.01874
3.2478719588953,0.079588,0.42538,-0.069616,-0.073167
2.77180851317389,-0.0085779,0.27331,-0.10825,0.20951
3.28642385687888,-0.0021987,0.20252,0.015159,0.12725
2.77846884280411,-0.15524,-0.12498,0.075633,0.51355
2.56980494721092,0.16183,-0.1246,-0.24277,0.5186
2.80470958821081,-0.24281,-0.02673,-0.021938,0.64367
3.32543336183003,-0.029716,0.29173,-0.21758,0.34955
2.89243873725091,0.53708,-0.1945,-0.854,0.83904
3.24008641258658,0.37524,-0.091851,-0.013185,0.0056828
2.37685931338891,0.099416,-0.2845,0.2278,0.21425
2.98291198629467,-0.049522,0.048119,-0.51489,0.91212
3.06853423591492,0.11932,-0.056567,0.068002,0.1728
3.15692988514764,0.53142,0.42093,-0.068429,-0.54372
2.43386371304367,-0.07193,-0.31626,0.10223,0.59398
2.60543591755901,-0.011182,-0.011096,-0.36706,0.7816
2.78904711038599,0.3043,0.088968,-0.030427,-0.024958
2.88579377279368,-0.31694,0.12538,0.57837,-0.035992
2.9855978155242,0.1852,-0.082526,0.029568,0.18817
3.19631952679034,0.10377,0.29166,-0.053475,0.049573
3.42157167635002,0.26889,-0.1809,0.13926,0.058746
2.91333944842836,-0.016645,0.11444,-0.22276,0.53099
2.46869581235357,-0.10865,0.18255,-0.35053,0.72026
3.47050459564781,0.087982,-0.19701,0.11794,0.31137
2.94085395482547,0.33961,0.3528,-0.38651,0.12094
2.50405144962098,-0.26168,0.33278,-0.20835,0.61956
3.5201373192512,-0.29493,0.073393,0.084981,0.55583
1.99285841985637,-0.066776,0.014026,0.03769,-0.36355
2.13940980726764,-0.068198,-0.069009,-0.13497,-0.097992
2.29676129964864,-0.17187,0.11754,0.12374,-0.42438
2.24838009692351,0.088033,-0.16997,-0.34083,0.045772
2.4656611831839,-0.20095,-0.18332,-0.09617,0.11043
2.64698167423402,0.2025,0.0061904,-0.15697,-0.43022
2.26442304450763,-0.36423,0.10724,0.10127,-0.16851
2.84169299624697,0.23926,0.24218,0.40894,-1.293
2.662085930819,0.0060431,-0.16968,0.067845,-0.30301
2.4938557331117,-0.30553,0.36163,0.0080342,-0.3432
2.28058046391418,-0.42984,-0.20995,-0.1505,0.46025
2.33628018504113,-0.0843,0.23619,-0.3502,-0.084421
2.18863924194498,-0.11417,0.11895,0.1693,-0.51963
2.05032845035115,-0.069044,0.48263,0.068645,-0.76754
2.0994806403014,-0.12743,-0.34799,0.29967,-0.22161
2.24748092473117,-0.15068,-0.22224,-0.021199,0.049632
2.40591430569484,-0.027755,-0.10522,0.33116,-0.57485
2.57551625139574,-0.19071,-0.12879,-0.007559,-0.00093864
2.75715678941925,-0.037992,-0.12736,-0.17913,0.017
2.95146010868514,-0.18925,-0.11908,0.48225,-0.54986
2.12954853104638,0.061539,0.1667,0.47297,-1.0485
2.16004704164872,0.024036,-0.41093,-0.04345,0.070452
2.21182949751545,0.49566,-0.061342,0.17454,-0.96864
2.3677496753245,-0.16366,0.044788,0.093677,-0.23817
2.53466125273072,0.18699,-0.17074,-0.24752,-0.067646
2.71333905481963,-0.28027,-0.23694,-0.4025,0.67859
2.90461252701039,-0.25854,-0.16399,-0.12371,0.28522
3.10930739867864,-0.070142,-0.12986,0.047405,-0.14158
2.24348396703283,-0.066802,-0.24853,-0.1046,0.13802
2.2756142136824,-0.26488,-0.40524,-0.44358,0.87966
2.45483610661081,0.089568,-0.14007,-0.15716,0.020579
2.62788673400536,0.055042,-0.22382,0.01937,-0.0636
2.81313635079925,-0.47382,0.21346,0.045225,0.12095
3.01138468132781,-0.10739,0.20799,-0.0093114,-0.22138
3.22360403766398,0.068236,0.046329,-0.19715,-0.071341
3.45112408598694,-0.45051,0.17291,0.079136,0.092464
3.2329660577411,0.50648,-0.23739,0.13551,-0.67835
3.02859858703602,-0.22412,0.033029,0.28429,-0.25921
2.83714992288085,0.31876,-0.40398,-0.26973,0.1245
2.65796289380539,-0.1355,-0.025893,-0.031644,0.04623
2.48999325092237,-0.46265,0.046678,0.045925,0.265
2.67310308046745,0.54668,0.16372,-0.11396,-0.77755
2.86967849256525,0.36101,3.5174e-05,0.20604,-0.78039
3.08083295389626,-0.12954,-0.094687,0.0036072,0.071262
3.30719368343471,-0.12966,-0.25277,-0.21165,0.44651
3.55054104884593,-0.16448,-0.13383,-0.27962,0.46101
2.52565390126956,-0.252,0.013962,-0.052802,0.18208
2.70369674128613,-0.0096874,0.037024,-0.14315,-0.0073975
2.89417472123637,-0.24618,0.53759,-0.035942,-0.29133
3.09844384509191,0.29544,0.33086,-0.053047,-0.6971
3.31679846531906,0.034909,-0.19094,0.00017776,-0.019443
3.55054104884593,-0.038208,-0.32503,0.22415,-0.069864
2.73737655483049,-0.045576,0.16075,0.36108,-0.60432
2.95234567954673,-0.14858,-0.22006,-0.04267,0.28048
3.18451499638946,0.0006422,0.20353,-0.04629,-0.24402
3.43494186080076,0.43238,0.16401,-0.53168,-0.15562
3.43494186080076,0.25672,0.15944,-0.024108,-0.51512
2.66696200832253,0.10195,-0.18543,0.10569,-0.18832
3.54238418841889,-0.28802,-0.083983,0.013703,0.25921
2.59848868234531,0.43429,-0.24632,0.015268,-0.40342
3.65282192857891,-0.36961,-0.13838,0.17086,0.2259
2.62321325624799,-0.026292,-0.13239,0.34599,-0.34369
3.68768909370502,0.043219,0.093922,-0.34761,0.14853
2.64819956589777,-0.19982,0.14362,-0.12055,0.1357
3.72288907527487,0.037999,0.15334,-0.079757,-0.18168
2.73081472844024,0.096254,-0.10083,0.11019,-0.23535
3.62734146076138,0.2158,-0.38646,0.18517,-0.20606
2.81623250335684,-0.15987,-0.15151,0.24601,-0.054507
2.81623250335684,0.24188,-0.011026,-0.15607,-0.17863
3.03769802512969,-0.051445,0.33984,0.022911,-0.3502
3.27657935943778,0.16934,0.041624,0.15333,-0.48359
3.53424606721247,0.064622,-0.064451,0.30069,-0.4386
2.72454107203533,-0.1042,0.40196,0.014751,-0.31179
2.91654588503845,0.093495,-0.26767,0.13421,-0.089432
3.12239395227842,-0.36626,-0.46895,0.0088875,0.73152
3.34243639285041,-0.15116,0.16118,-0.25018,0.23808
3.57798574138882,0.030206,0.044878,0.5455,-0.73935
3.83013480614487,-0.22129,0.2076,0.26378,-0.28933
2.75715678941925,0.091677,-0.13545,0.15595,-0.21254
3.8759856819719,-0.5194,-0.402,-0.051466,0.92273
2.78988395003878,0.1891,-0.35175,0.13877,-0.10461
3.92199322367562,-0.029135,0.046044,-0.27122,0.24832
2.87714936457093,0.080517,0.029285,-0.11866,-0.024616
3.82133561903489,0.10439,0.053087,-0.26562,0.090207
2.96684767424747,-0.010506,-0.18814,0.19475,-0.079792
2.96684767424747,0.16887,-0.11187,0.17009,-0.31722
3.20015741249337,-0.27802,-0.19904,0.16447,0.26
3.45181437983122,-0.11815,-0.033503,0.13934,-0.031674
3.72326138279747,0.25437,0.12807,0.015114,-0.44712
2.87025248566116,0.082308,0.040101,0.14662,-0.30134
3.07283319241259,0.070276,-0.038499,0.093133,-0.16182
3.28938296975113,0.2414,0.41241,-0.060188,-0.56931
3.40314498613814,-0.23693,0.18923,-0.39201,0.51826
3.521193518869,0.34448,0.14072,-0.13594,-0.36779
3.76934030222182,0.091326,0.12052,0.37409,-0.63054
4.0349745726322,-0.10283,-0.044603,-0.43585,0.61779
3.43562891787634,0.15268,0.068753,-0.1594,-0.057694
2.91159196905554,-0.07975,0.31764,-0.37509,0.2295
4.09308923856329,-0.23313,0.089682,0.14333,0.024617
3.46842291745633,0.42126,-0.16631,-0.24054,-0.055847
2.95323151611944,-0.068208,-0.20108,0.26276,-0.026596
4.15162573124403,-0.15612,-0.062517,0.20457,0.016431
3.02405909462593,0.068615,-0.095144,-0.24493,0.31339
3.23717164665667,0.024757,0.42011,0.014895,-0.36503
3.46530274112059,-0.23249,0.37111,-0.04443,0.027962
3.70951077000194,-0.13024,-0.75436,-0.25377,1.1085
3.97092871265575,0.22363,-0.019826,-0.1881,0.014177
4.25119449034884,-0.22,0.1539,-0.12199,0.28544
3.06730706767057,0.29098,-0.23247,-0.36165,0.32684
3.11117354290513,-0.10151,-0.01315,0.26264,-0.097545
3.37164245160681,0.1109,0.062379,0.20429,-0.30993
3.99762326191076,-0.36802,0.39799,0.23151,-0.095302
4.11278329483086,-0.038168,-0.40759,-0.04299,0.5302
4.23126075721174,-0.088693,-0.11354,-0.14165,0.44308
3.28510955021499,-0.23142,0.062473,-0.18143,0.49708
3.89502461911584,-0.052699,-0.065679,-0.31913,0.55982
4.36361132468484,0.068333,0.59567,0.1729,-0.68237
3.20079750798328,-0.081782,-0.22268,0.23742,0.11655
3.79505916129452,0.21358,0.23091,0.29354,-0.66171
4.49965172798451,-0.00091995,0.20153,0.16432,-0.25609
3.23134997876564,0.025357,0.032987,-0.066922,0.12312
3.83128401896002,0.28599,0.051825,0.067922,-0.3309
4.54260211069606,-0.059116,0.20165,-0.093149,0.10137
3.26219408107689,0.38367,-0.010795,0.030788,-0.33532
3.86785465260875,0.10357,0.063483,-0.020736,-0.031092
4.58596246633142,0.022236,-0.19506,-0.21675,0.49635
3.3638965851292,-0.14341,0.098169,-0.19253,0.405
3.76858650954316,-0.28934,-0.20899,-0.025541,0.64636
4.46826415057538,0.15776,0.23274,0.2443,-0.52547
3.46911667141291,-0.1747,-0.14338,0.17161,0.2483
3.56905194892893,0.4281,-0.18671,-0.020661,-0.17261
3.67149890622533,0.25582,0.0082796,-0.57298,0.45955
4.35315121465848,0.23523,-0.051319,-0.15746,0.076219
3.53566004841674,0.010026,0.13795,-0.14646,0.22909
3.79581824903302,0.026609,0.048588,0.039777,0.085134
4.07511920897035,0.033186,-0.047334,-0.48165,0.73663
3.98923706165295,-0.1473,0.10091,0.050955,0.22553
4.37453400065262,0.12925,-0.018739,0.084072,-0.014206
4.69641757502345,-0.002007,0.28623,0.28303,-0.3456
4.01766143189912,0.10008,-0.17918,0.033578,0.21692
5.04148156401872,-0.00084202,0.013135,-0.14574,0.36166
4.72326359366866,-0.34294,0.0047284,-0.04479,0.64066
4.42468902874239,0.26101,0.21012,-0.18492,-0.049001
4.04628833330886,-0.25311,0.025718,-0.16969,0.66467
4.14498844132193,0.17418,0.31021,0.10154,-0.35061
3.88296873906541,-0.2736,-0.0015434,-0.27275,0.8285
3.63787601872366,-0.4853,-0.07108,0.21326,0.59128
3.72512347897412,0.13168,-0.0045712,-0.21558,0.34491
3.9876416859247,0.0077683,-0.027711,0.0046717,0.26
4.26866016793182,0.090901,-0.029622,-0.38788,0.60126
4.41673175218802,0.0004184,0.27595,0.0077314,0.0047695
4.56948268286103,0.43939,0.028522,0.36073,-0.6594
4.891504867459,-0.23051,0.054515,0.16481,0.27805
5.23674436052738,0.17695,-0.17817,-0.079303,0.29332
4.46915789277674,0.15827,0.1456,-0.04022,0.0058283
5.29890396438745,0.088867,0.21404,0.11113,-0.14223
4.47989675319726,0.022506,0.45549,0.039121,-0.19364
4.14333077750027,-0.28519,-0.042456,0.39273,0.19265
4.52220632613107,0.39385,0.23498,0.097823,-0.47227
5.36180139619673,0.15156,0.29584,-0.16193,0.030572
4.66365744621951,-0.22538,0.39033,-0.33738,0.56383
5.22419124382765,0.023909,-0.21142,-0.41478,0.88738
3.83243357659073,0.19745,0.14587,-0.31064,0.27646
4.80953304806118,-0.22304,0.42832,-0.19524,0.37468
4.94758708421445,-0.026308,0.50811,-0.3448,0.25241
5.09011284368806,0.0415,-0.29857,0.30516,0.15265
3.92434712570982,-0.034548,-0.4565,0.14433,0.57336
4.20090509129349,-0.30427,-0.39168,-0.18084,1.1753
4.49695274672306,0.32396,0.085272,-0.45295,0.36845
4.65294336001547,0.16654,0.086841,-0.34676,0.42513
4.81386357624981,0.08147,0.1213,-0.025036,0.13608
5.15362319334044,-0.16669,0.22332,0.20544,0.07076
5.51681113265334,-0.33617,-0.027727,0.32425,0.34325
4.69735695247307,-0.067667,-0.032525,-0.071756,0.49449
3.98047038699533,0.012765,0.099575,-0.092359,0.3195
5.5957086977113,0.39077,0.2639,0.39234,-0.77447
4.74172028884571,0.027296,-0.37327,-0.3272,0.97149
4.03739628381649,-0.10405,-0.26304,0.30172,0.34055
5.67573460043071,0.090517,-0.40938,-0.14595,0.74235
0.116845818947785,0.11945,0.15676,-0.096337,-0.58359
0.116845818947785,-0.095121,-0.097803,0.16167,-0.41117
0.116845818947785,-0.28102,-0.15174,-0.081134,0.10869
0.116845818947785,-0.038285,0.091494,-0.17423,-0.26679
0.116845818947785,-0.32408,0.11529,-0.072477,-0.081671
0.116845818947785,-0.019029,-0.30512,0.058678,-0.20483
0.116845818947785,0.31012,0.11155,-0.26704,-0.56881
0.116962723209121,-0.32288,-0.37532,0.46993,-0.25872
0.121007832993158,-0.32044,-0.17696,0.19888,-0.098558
0.269011809192506,-0.37897,0.12792,-0.099423,0.84386
3.13208839214865,-0.037655,-0.057494,-0.018601,-0.31115
6.96362380160858,0.18446,-0.014169,-0.2769,0.49947
7.20445799218978,0.013332,-0.28068,0.0695,0.57107
7.21166605361201,-0.40925,-0.48457,-0.089169,1.3907
7.21166605361201,-0.10113,-0.11526,-0.18863,0.84163
7.21166605361201,0.087511,-0.071188,-0.20393,0.61119
7.21166605361201,0.13887,0.1975,0.17936,-0.097717
7.21166605361201,0.35181,-0.055523,0.368,-0.32516
7.21166605361201,0.015538,0.45145,-0.087724,0.11571
7.21166605361201,-0.14292,0.086613,0.079468,0.42017
0.116845818947785,-0.38561,-0.30138,-0.32002,0.61589
0.116845818947785,0.17342,0.22012,-0.1063,-0.68684
0.116845818947785,-0.42027,-0.2374,-0.37872,0.66419
0.116845818947785,-0.32411,0.18523,-0.18249,-0.020475
0.116845818947785,-0.22776,-0.22495,0.017409,0.0037912
0.116845818947785,0.31934,-0.030283,0.053283,-0.8101
0.116845818947785,-0.62655,0.35006,0.20891,-0.25637
0.116857504113928,-0.31207,-0.062621,0.14438,-0.1813
0.117513741887766,-0.003726,-0.12354,0.13326,-0.45939
0.141649440866853,0.048257,-0.19356,0.013466,-0.32535
5.94886235240635,-0.075937,-0.14578,-0.83926,1.5557
7.17067648834661,-0.14325,0.05556,0.2903,0.21513
7.21094492306378,-0.44828,0.52766,0.24011,0.2049
7.21166605361201,-0.14509,0.45509,-0.38164,0.61445
7.21166605361201,-0.17501,-0.197,-0.51574,1.3536
7.21166605361201,-0.27007,-0.0071502,-0.10523,0.84493
7.21166605361201,-0.027022,-0.22343,-0.13504,0.79296
7.21166605361201,0.16273,-0.52411,-0.11763,0.82051
7.21166605361201,0.0074459,-0.17041,-0.041271,0.6061
7.21166605361201,-0.1663,0.45441,-0.023271,0.24423
